{"88":{"selected_topology":"mst","time_to_write":1432.6743040610154,"active_links":76,"badwidth_consumption":1752.1109338491724},"89":{"selected_topology":"mst","time_to_write":1363.9617309466616,"active_links":62,"badwidth_consumption":1739.0148939092826},"90":{"selected_topology":"mst","time_to_write":1565.6312547919322,"active_links":78,"badwidth_consumption":2102.28923491295},"91":{"selected_topology":"mst","time_to_write":1346.7912812991894,"active_links":60,"badwidth_consumption":1898.5190869102776},"92":{"selected_topology":"mst","time_to_write":1372.73907021018,"active_links":83,"badwidth_consumption":2764.4524850456214},"93":{"selected_topology":"mst","time_to_write":719.6153771963629,"active_links":49,"badwidth_consumption":1256.4130481917393},"94":{"selected_topology":"mst","time_to_write":865.7340437723217,"active_links":48,"badwidth_consumption":1173.0879423231372},"95":{"selected_topology":"mst","time_to_write":1135.1404673832005,"active_links":84,"badwidth_consumption":2482.9703081596185},"96":{"selected_topology":"mst","time_to_write":1728.1995520513012,"active_links":92,"badwidth_consumption":2892.125140020155},"97":{"selected_topology":"mst","time_to_write":751.940351932393,"active_links":36,"badwidth_consumption":1037.8173181487198},"10":{"selected_topology":"mst","time_to_write":1902.9148848207878,"active_links":95,"badwidth_consumption":2110.756913157566},"98":{"selected_topology":"mst","time_to_write":909.72299543248,"active_links":83,"badwidth_consumption":2003.2147823144358},"11":{"selected_topology":"mst","time_to_write":1774.1803663035398,"active_links":114,"badwidth_consumption":2629.7717935387063},"99":{"selected_topology":"mst","time_to_write":1017.2094061727761,"active_links":51,"badwidth_consumption":1294.2039082749868},"12":{"selected_topology":"mst","time_to_write":692.4008133337844,"active_links":56,"badwidth_consumption":1448.2291206014859},"13":{"selected_topology":"mst","time_to_write":2206.1324858753787,"active_links":101,"badwidth_consumption":3239.5009928989457},"14":{"selected_topology":"mst","time_to_write":2130.1556620884767,"active_links":129,"badwidth_consumption":4256.380849054466},"15":{"selected_topology":"mst","time_to_write":1525.626542083679,"active_links":99,"badwidth_consumption":2216.1807642036083},"16":{"selected_topology":"mst","time_to_write":415.08225034740065,"active_links":25,"badwidth_consumption":756.7332299630983},"17":{"selected_topology":"mst","time_to_write":1405.6345738318478,"active_links":104,"badwidth_consumption":3281.4369115627715},"18":{"selected_topology":"mst","time_to_write":1447.712150507967,"active_links":93,"badwidth_consumption":2500.393540106252},"19":{"selected_topology":"mst","time_to_write":1045.2720897662748,"active_links":62,"badwidth_consumption":1430.437158225407},"0":{"selected_topology":"rt","time_to_write":2505.9225635743796,"active_links":134,"badwidth_consumption":3675.7657808866397},"1":{"selected_topology":"mst","time_to_write":1849.5266210463938,"active_links":112,"badwidth_consumption":3735.848373653389},"2":{"selected_topology":"mst","time_to_write":1453.7969655886498,"active_links":133,"badwidth_consumption":3915.6236776001824},"3":{"selected_topology":"mst","time_to_write":1214.6010832914574,"active_links":110,"badwidth_consumption":3221.908014142774},"4":{"selected_topology":"mst","time_to_write":1611.619770723279,"active_links":113,"badwidth_consumption":3089.623708951264},"5":{"selected_topology":"mst","time_to_write":1710.733293991137,"active_links":90,"badwidth_consumption":2480.5137462312273},"6":{"selected_topology":"mst","time_to_write":832.0938656931003,"active_links":50,"badwidth_consumption":1271.2118772456465},"7":{"selected_topology":"mst","time_to_write":1536.7292008386253,"active_links":124,"badwidth_consumption":2860.490890671789},"8":{"selected_topology":"mst","time_to_write":752.4177802465829,"active_links":68,"badwidth_consumption":1657.3641244530395},"9":{"selected_topology":"mst","time_to_write":1344.3144390316775,"active_links":100,"badwidth_consumption":2813.02078851839},"20":{"selected_topology":"mst","time_to_write":1772.657887358665,"active_links":135,"badwidth_consumption":4130.378592153905},"21":{"selected_topology":"mst","time_to_write":1280.9616662488013,"active_links":97,"badwidth_consumption":3213.287392417632},"22":{"selected_topology":"mst","time_to_write":1274.3063219330106,"active_links":105,"badwidth_consumption":3390.127849257713},"23":{"selected_topology":"mst","time_to_write":1860.8487530122843,"active_links":151,"badwidth_consumption":3834.482181578719},"24":{"selected_topology":"mst","time_to_write":1154.9567747791368,"active_links":75,"badwidth_consumption":1637.165598116803},"25":{"selected_topology":"mst","time_to_write":668.2567268999697,"active_links":47,"badwidth_consumption":1540.1703676620457},"26":{"selected_topology":"mst","time_to_write":2410.4108206116407,"active_links":138,"badwidth_consumption":4592.539216615888},"27":{"selected_topology":"mst","time_to_write":1762.3085606769198,"active_links":99,"badwidth_consumption":2957.936700121788},"28":{"selected_topology":"mst","time_to_write":455.2049669900701,"active_links":27,"badwidth_consumption":619.5189439823508},"29":{"selected_topology":"mst","time_to_write":1291.8895864405881,"active_links":118,"badwidth_consumption":3458.331035164582},"30":{"selected_topology":"mst","time_to_write":1685.9118179748166,"active_links":84,"badwidth_consumption":2290.400044265923},"31":{"selected_topology":"mst","time_to_write":2098.7446393273485,"active_links":119,"badwidth_consumption":3157.595837359052},"32":{"selected_topology":"mst","time_to_write":545.7319269180068,"active_links":27,"badwidth_consumption":756.805519660459},"33":{"selected_topology":"mst","time_to_write":2937.70369455084,"active_links":146,"badwidth_consumption":4307.651875479089},"34":{"selected_topology":"mst","time_to_write":2756.825728512083,"active_links":145,"badwidth_consumption":4895.083755737093},"35":{"selected_topology":"mst","time_to_write":524.0160729441906,"active_links":32,"badwidth_consumption":851.3730075098382},"36":{"selected_topology":"mst","time_to_write":1350.7913222336729,"active_links":92,"badwidth_consumption":2958.907590925293},"37":{"selected_topology":"mst","time_to_write":822.082387997954,"active_links":49,"badwidth_consumption":1100.196272691518},"38":{"selected_topology":"mst","time_to_write":1463.1140991890227,"active_links":121,"badwidth_consumption":3552.972568227398},"39":{"selected_topology":"mst","time_to_write":967.4525466536891,"active_links":59,"badwidth_consumption":1730.7329525171133},"40":{"selected_topology":"mst","time_to_write":2077.9849784119965,"active_links":132,"badwidth_consumption":4068.3744495990936},"41":{"selected_topology":"mst","time_to_write":2204.455618137862,"active_links":105,"badwidth_consumption":3080.359375312261},"42":{"selected_topology":"mst","time_to_write":2182.217265898147,"active_links":129,"badwidth_consumption":3445.9095744103247},"43":{"selected_topology":"mst","time_to_write":2189.329556593976,"active_links":153,"badwidth_consumption":3628.5472561542233},"44":{"selected_topology":"mst","time_to_write":1832.7052542172944,"active_links":129,"badwidth_consumption":4105.705010464385},"45":{"selected_topology":"mst","time_to_write":2571.781653051428,"active_links":120,"badwidth_consumption":3445.2066873652893},"46":{"selected_topology":"mst","time_to_write":820.0895722297021,"active_links":41,"badwidth_consumption":1285.5788628635137},"47":{"selected_topology":"mst","time_to_write":1388.8809209197696,"active_links":124,"badwidth_consumption":3074.617192596524},"48":{"selected_topology":"mst","time_to_write":1248.1381215954286,"active_links":57,"badwidth_consumption":1603.315002419824},"49":{"selected_topology":"mst","time_to_write":2493.2742452973853,"active_links":138,"badwidth_consumption":4161.432774015795},"50":{"selected_topology":"mst","time_to_write":693.8816251249627,"active_links":52,